airport,name,total_edges,local_error_percent,radius_ratio_diagnostic_only
SHA,Shanghai,18,8.996,1.0638
TSN,Tianjin,21,8.793,0.9311
RGN,Yangon,18,8.052,1.0638
GYD,Baku,30,7.657,1.1106
CTU,Chengdu,19,7.386,1.0887
HYD,Hyderabad,27,7.292,1.0161
KTM,Kathmandu,19,7.236,1.0757
OKA,Okinawa,12,7.23,0.8684
KMG,Kunming,36,7.218,1.1308
RAK,Marrakech,25,7.212,0.892
HKT,Phuket,33,7.067,1.0607
AMD,Ahmedabad,17,7.063,1.1397
TAO,Qingdao,36,7.057,1.1013
BLR,Bangalore,34,6.918,1.0091
PEK,Beijing,83,6.812,1.0561
TLV,Tel Aviv,45,6.768,1.0404
DEL,Delhi,62,6.732,1.1398
ARN,Stockholm,44,6.72,1.0301
YOW,Ottawa,12,6.718,1.0859
FOC,Fuzhou,29,6.692,1.0468
TAS,Tashkent,36,6.538,1.0289
EVN,Yerevan,20,6.472,1.0548
DUS,Dusseldorf,34,6.467,0.8768
PEN,Penang,19,6.458,0.9437
TBS,Tbilisi,23,6.456,1.0834
FLL,Fort Lauderdale,32,6.375,1.1331
XIY,Xi'an,32,6.367,1.1064
DMM,Dammam,23,6.227,1.0793
BAH,Manama,38,6.222,1.0177
DLC,Dalian,22,6.155,1.0509
EDI,Edinburgh,39,6.116,1.0119
TUN,Tunis,26,6.115,0.9798
HAM,Hamburg,27,6.114,0.8889
SJU,San Juan,21,6.097,1.1757
WAW,Warsaw,50,6.091,1.0541
MAA,Chennai,23,6.057,1.0896
CCU,Kolkata,18,5.948,1.1506
CTS,Sapporo,12,5.923,0.8464
CMN,Casablanca,38,5.92,0.8716
CSX,Changsha,25,5.793,0.921
PRG,Prague,36,5.765,1.0303
OSL,Oslo,38,5.758,0.9572
MCT,Muscat,42,5.751,0.8886
PHX,Phoenix,35,5.688,0.834
GVA,Geneva,47,5.672,1.0105
NCE,"Nice, Alpes-Maritimes",39,5.662,0.8769
NGO,Nagoya,19,5.634,0.9608
BEY,Beirut,28,5.609,1.0317
PUS,Busan,26,5.601,0.9224
HEL,Helsinki,38,5.538,1.1194
DUB,Dublin,52,5.527,1.0315
DAD,Da Nang,13,5.521,0.8802
ANC,Anchorage,13,5.505,1.0489
ALA,Almaty,26,5.502,1.1394
FUK,Fukuoka,17,5.476,0.862
CNX,Chiang Mai,16,5.454,0.945
ATH,Athens,60,5.451,0.9977
WUH,Wuhan,31,5.438,0.9549
CLT,Charlotte,39,5.437,0.9283
GUA,Guatemala City,17,5.434,1.0545
CGK,Jakarta,38,5.41,1.0434
DEN,Denver,43,5.362,0.8633
HND,Tokyo,53,5.361,0.969
EBB,Entebbe,16,5.361,0.8403
BOM,Mumbai,49,5.357,1.0266
BOS,Boston,60,5.337,1.0831
MAN,Manchester,48,5.332,0.9235
LAS,Las Vegas,38,5.331,0.8807
VIE,Vienna,61,5.328,0.9703
CUN,Cancun,44,5.322,0.9665
CPH,Copenhagen,57,5.288,0.9694
AMM,Amman,44,5.276,0.9356
NRT,Tokyo,70,5.242,0.9894
LHE,Lahore,18,5.235,0.9794
SLC,Salt Lake City,34,5.181,0.9976
HGH,Hangzhou,38,5.179,1.067
MSP,Minneapolis,42,5.175,1.0133
URC,Ürümqi,29,5.153,1.1026
KIX,Osaka,41,5.124,0.9993
TPA,Tampa,32,5.067,1.0687
RUH,Riyadh,47,5.062,0.995
HAN,Hanoi,53,5.053,1.0258
PUJ,Punta Cana,28,5.038,1.0988
TPE,Taipei,64,5.003,1.0502
DPS,Denpasar,29,4.994,0.9866
ORD,Chicago,71,4.926,0.9991
NKG,Nanjing,27,4.908,0.9504
YVR,Vancouver,52,4.824,0.9678
PER,Perth,22,4.795,1.1208
SAN,San Diego,31,4.771,0.921
KEF,Reykjavik,39,4.753,1.0567
BRU,Brussels,61,4.741,0.9083
CKG,Chongqing,47,4.732,1.0615
NBO,Nairobi,30,4.717,0.962
XMN,Xiamen,40,4.687,0.9352
HAV,Havana,5,4.669,0.8825
EWR,Newark,70,4.666,1.0622
DTW,Detroit,41,4.663,1.0152
VTE,Vientiane,14,4.658,0.9795
MNL,Manila,47,4.648,1.0159
LGW,London,57,4.646,0.8974
OPO,Porto,33,4.643,1.0552
MCO,Orlando,48,4.638,1.0661
SGN,Ho Chi Minh City,50,4.607,0.9823
BKK,Bangkok,82,4.604,1.0091
ADD,Addis Ababa,57,4.601,0.9223
HNL,Honolulu,26,4.6,0.9401
DXB,Dubai,119,4.507,0.9873
DME,Moscow,9,4.483,0.9827
SIN,Singapore,94,4.41,1.05
JED,Jeddah,52,4.405,0.9064
IAD,Washington,66,4.397,1.0088
IAH,Houston,57,4.38,0.9745
BUD,Budapest,43,4.354,1.0103
MUC,Munich,81,4.345,0.9185
AMS,Amsterdam,107,4.338,0.9427
BKI,Kota Kinabalu,15,4.329,0.8412
MIA,Miami,57,4.324,1.0125
DOH,Doha,115,4.321,0.9842
KGL,Kigali,13,4.319,0.7649
YEG,Edmonton,15,4.317,0.9756
AUH,Abu Dhabi,72,4.308,0.9636
CAI,Cairo,62,4.297,0.9257
PTY,Panama City,43,4.285,1.0839
LHR,London,116,4.283,0.9738
ZRH,Zurich,73,4.257,0.942
MXP,Milan,66,4.244,0.9862
IST,Istanbul,94,4.226,0.9915
ICN,Seoul,92,4.217,1.0573
SEA,Seattle,50,4.181,0.9951
ALG,Algiers,28,4.157,1.0418
DAR,Dar es Salaam,13,4.152,0.9101
SFO,San Francisco,67,4.13,0.9918
LIS,Lisbon,60,4.112,1.0397
SAL,San Salvador,12,4.098,0.9385
JFK,New York,93,4.022,1.0564
ACC,Accra,20,4.021,0.9522
DFW,Dallas,59,4.016,1.0208
CDG,Paris,118,4.014,0.9543
REC,Recife,10,4.003,0.9881
KUL,Kuala Lumpur,69,4.001,1.0428
FRA,Frankfurt,112,3.991,0.9413
CGO,Zhengzhou,22,3.987,0.9357
CAN,Guangzhou,79,3.973,1.0295
LAX,Los Angeles,76,3.95,0.9751
BCN,Barcelona,71,3.946,0.9477
MEX,Mexico City,50,3.931,0.9849
YUL,Montreal,57,3.927,0.9794
CMB,Colombo,33,3.897,0.9578
JNB,Johannesburg,32,3.841,1.0613
PHL,Philadelphia,42,3.838,1.0266
HKG,Hong Kong,87,3.783,1.0327
FIH,Kinshasa,11,3.781,0.6481
SSA,Salvador,12,3.778,1.0176
MAD,Madrid,89,3.769,0.9859
ADL,Adelaide,12,3.765,1.0062
YYC,Calgary,40,3.741,0.892
SEZ,Cascade,14,3.733,1.0914
ATL,Atlanta,69,3.706,1.0085
ISB,Islamabad,19,3.703,1.0448
FCO,Rome,80,3.649,0.9777
SZX,Shenzhen,52,3.639,1.0422
MRU,Port Louis,19,3.638,1.0415
PVG,Shanghai,94,3.608,1.0403
PDX,Portland,26,3.565,0.8749
CNF,Belo Horizonte,10,3.534,0.9927
MLE,Male,20,3.533,0.9424
COK,Kochi,18,3.523,1.08
AKL,Auckland,29,3.501,1.0343
BOG,Bogota,38,3.498,1.088
GYE,Guayaquil,8,3.494,1.014
NAN,Nadi,15,3.479,0.9552
BSB,Brasilia,11,3.436,0.8887
YHZ,Halifax,17,3.424,1.1276
ASU,Asuncion,7,3.359,1.1486
CEB,Cebu,13,3.358,0.897
CPT,Cape Town,17,3.349,1.0624
FOR,Fortaleza,10,3.302,0.8627
SYD,Sydney,46,3.289,1.0746
GRU,Sao Paulo,43,3.264,1.0862
ABJ,Abidjan,14,3.15,0.8679
KHI,Karachi,16,3.14,1.0396
YYZ,Toronto,76,3.052,0.9898
BNE,Brisbane,28,2.967,1.053
LOS,Lagos,20,2.956,1.0058
SJO,San Jose,20,2.925,0.9888
MEL,Melbourne,37,2.809,1.0725
SCL,Santiago,22,2.726,1.0896
GIG,Rio de Janeiro,25,2.669,1.1081
CCS,Caracas,7,2.403,1.1419
POM,Port Moresby,7,2.396,0.6851
CHC,Christchurch,6,2.386,0.9681
UIO,Quito,8,2.368,1.0111
SUB,Surabaya,8,2.36,0.8838
EZE,Buenos Aires,20,2.297,1.1263
NOU,Noumea,6,2.149,0.9946
SVO,Moscow,15,2.069,0.9447
WLG,Wellington,5,2.052,1.0653
MVD,Montevideo,11,2.006,1.1327
LED,St. Petersburg,8,1.625,0.9217
WDH,Windhoek,5,1.555,0.8468
