from_airport,to_airport,minutes
S01,S02,261.3062795825921
S01,S03,242.06454097015921
S01,S04,226.82718085175028
S01,S05,401.07948970936536
S01,S06,268.58144556562286
S01,S07,403.0305022109036
S01,S08,444.6185941292914
S01,S09,346.7356445679153
S01,S10,523.8204133747664
S01,S11,443.8627336958285
S01,S12,476.1406792057444
S01,S13,577.5426656685056
S01,S14,467.4431080929908
S01,S15,593.8003305982573
S01,S16,583.7391146443189
S01,S17,547.6003032522858
S01,S18,662.4198477702572
S01,S19,591.2982058405876
S01,S20,645.8481142320845
S01,S21,684.5699403000026
S01,S22,641.1071265322333
S01,S23,711.3182477816241
S01,S24,701.8603629215994
S02,S03,369.0265284790604
S02,S04,301.3405094747367
S02,S05,240.51923063716293
S02,S06,490.12154470811015
S02,S07,247.2800099700428
S02,S08,452.04987794993974
S02,S09,498.36936147405265
S02,S10,310.91142233326735
S02,S11,588.1593656181997
S02,S12,443.40728213360336
S02,S13,480.75677879105837
S02,S14,628.704371324271
S02,S15,431.9506342426298
S02,S16,627.9983874541948
S02,S17,599.3323899082023
S02,S18,527.1337540896917
S02,S19,698.1701072465964
S02,S20,575.7739139037747
S02,S21,651.1078972481274
S02,S22,698.4770109979469
S02,S23,630.4304348431002
S02,S24,711.3182477816243
S03,S04,443.0290316306248
S03,S05,346.6158066913464
S03,S06,258.9542373015639
S03,S07,551.1305879008302
S03,S08,241.62855589160262
S03,S09,488.54192048149923
S03,S10,536.5046932350375
S03,S11,293.20065410697447
S03,S12,630.0011088792381
S03,S13,447.98261669340746
S03,S14,487.6755138136065
S03,S15,660.2709122634733
S03,S16,413.6536825206598
S03,S17,648.521866529938
S03,S18,609.3746163587273
S03,S19,518.2309248889906
S03,S20,714.8170798368353
S03,S21,570.3643409864588
S03,S22,652.7779273188776
S03,S23,698.4770109979471
S03,S24,641.1071265322333
S04,S05,499.7653309365588
S04,S06,382.49718828356106
S04,S07,275.87867508749116
S04,S08,597.8035012863849
S04,S09,240.8023634003472
S04,S10,517.1130720005427
S04,S11,565.6127598290794
S04,S12,282.55555478415783
S04,S13,660.1702224413544
S04,S14,453.0009290447605
S04,S15,493.8557010892616
S04,S16,681.299630154067
S04,S17,402.98171744159123
S04,S18,660.9647202165166
S04,S19,615.1541970165823
S04,S20,514.527264797424
S04,S21,719.9234076448969
S04,S22,570.3643409864586
S04,S23,651.1078972481271
S04,S24,684.5699403000026
S05,S06,544.8528196035882
S05,S07,411.3731681213902
S05,S08,290.3854884715185
S05,S09,634.4538833297283
S05,S10,241.8105361476544
S05,S11,539.50515281237
S05,S12,587.9013408192019
S05,S13,275.7802078779699
S05,S14,681.9187966614516
S05,S15,457.2435185064832
S05,S16,498.52433754968627
S05,S17,694.4347662259459
S05,S18,397.25370061823384
S05,S19,666.9109927932145
S05,S20,617.0480236203273
S05,S21,514.5272647974241
S05,S22,714.8170798368354
S05,S23,575.7739139037748
S05,S24,645.8481142320848
S06,S07,581.0686687862258
S06,S08,434.6166028994156
S06,S09,302.40087130041843
S06,S10,663.1692415874355
S06,S11,243.4193324480516
S06,S12,556.6542308913553
S06,S13,604.4717054134121
S06,S14,271.4667415434797
S06,S15,696.7273326199951
S06,S16,460.23578051766395
S06,S17,501.39814046183767
S06,S18,700.7833806124222
S06,S19,395.43878421318215
S06,S20,666.9109927932142
S06,S21,615.1541970165825
S06,S22,518.2309248889907
S06,S23,698.1701072465963
S06,S24,591.2982058405877
S07,S08,610.0187076755299
S07,S09,453.08418352092434
S07,S10,312.0230198939901
S07,S11,685.1430834693349
S07,S12,245.03329548660497
S07,S13,569.1252875756003
S07,S14,615.9522850072648
S07,S15,268.8957389768088
S07,S16,705.3612204149971
S07,S17,461.7718720815923
S07,S18,502.36603065385793
S07,S19,700.7833806124225
S07,S20,397.25370061823423
S07,S21,660.964720216516
S07,S22,609.3746163587276
S07,S23,527.1337540896911
S07,S24,662.4198477702573
S08,S09,632.7122859540258
S08,S10,467.33699214169513
S08,S11,319.3713273662119
S08,S12,701.1107131180869
S08,S13,246.3421787232257
S08,S14,577.2691937882036
S08,S15,622.710927906937
S08,S16,267.69193920916905
S08,S17,708.2005172475493
S08,S18,461.7718720815915
S08,S19,501.39814046183733
S08,S20,694.4347662259464
S08,S21,402.98171744159146
S08,S22,648.5218665299379
S08,S23,599.3323899082029
S08,S24,547.6003032522856
S09,S10,649.8111199952815
S09,S11,477.7494606592141
S09,S12,324.54701120689487
S09,S13,711.5321394947085
S09,S14,247.18112163602052
S09,S15,581.2928840635549
S09,S16,624.9432781547267
S09,S17,267.69193920916905
S09,S18,705.3612204149975
S09,S19,460.23578051766435
S09,S20,498.52433754968547
S09,S21,681.2996301540674
S09,S22,413.65368252065986
S09,S23,627.9983874541946
S09,S24,583.7391146443192
S10,S11,661.7523294062166
S10,S12,484.56756439534684
S10,S13,327.62331037755564
S10,S14,716.6793630563722
S10,S15,247.46893674008172
S10,S16,581.2928840635556
S10,S17,622.7109279069363
S10,S18,268.89573897680987
S10,S19,696.727332619995
S10,S20,457.24351850648355
S10,S21,493.8557010892617
S10,S22,660.2709122634731
S10,S23,431.9506342426299
S10,S24,593.8003305982573
S11,S12,668.8140879606028
S11,S13,487.9410940228356
S11,S14,328.6439176696321
S11,S15,716.6793630563724
S11,S16,247.18112163602052
S11,S17,577.2691937882034
S11,S18,615.9522850072642
S11,S19,271.4667415434795
S11,S20,681.9187966614511
S11,S21,453.0009290447611
S11,S22,487.67551381360624
S11,S23,628.7043713242712
S11,S24,467.4431080929907
S12,S13,671.1513966332527
S12,S14,487.9410940228347
S12,S15,327.62331037755564
S12,S16,711.5321394947082
S12,S17,246.34217872322472
S12,S18,569.1252875756016
S12,S19,604.4717054134118
S12,S20,275.78020787796964
S12,S21,660.1702224413543
S12,S22,447.982616693407
S12,S23,480.7567787910579
S12,S24,577.5426656685056
S13,S14,668.8140879606033
S13,S15,484.56756439534695
S13,S16,324.54701120689595
S13,S17,701.1107131180867
S13,S18,245.03329548660315
S13,S19,556.6542308913555
S13,S20,587.9013408192022
S13,S21,282.55555478415783
S13,S22,630.0011088792382
S13,S23,443.40728213360376
S13,S24,476.1406792057444
S14,S15,661.7523294062162
S14,S16,477.7494606592141
S14,S17,319.3713273662119
S14,S18,685.1430834693349
S14,S19,243.41933244805202
S14,S20,539.5051528123691
S14,S21,565.61275982908
S14,S22,293.2006541069744
S14,S23,588.1593656181996
S14,S24,443.8627336958288
S15,S16,649.8111199952821
S15,S17,467.3369921416942
S15,S18,312.02301989399217
S15,S19,663.1692415874355
S15,S20,241.81053614765483
S15,S21,517.1130720005427
S15,S22,536.504693235037
S15,S23,310.9114223332672
S15,S24,523.8204133747665
S16,S17,632.7122859540257
S16,S18,453.0841835209235
S16,S19,302.400871300418
S16,S20,634.4538833297282
S16,S21,240.80236340034782
S16,S22,488.54192048149895
S16,S23,498.36936147405316
S16,S24,346.73564456791496
S17,S18,610.0187076755301
S17,S19,434.61660289941597
S17,S20,290.3854884715172
S17,S21,597.803501286385
S17,S22,241.62855589160273
S17,S23,452.0498779499391
S17,S24,444.61859412929164
S18,S19,581.0686687862252
S18,S20,411.37316812139215
S18,S21,275.87867508748957
S18,S22,551.1305879008305
S18,S23,247.28000997004398
S18,S24,403.03050221090314
S19,S20,544.8528196035877
S19,S21,382.4971882835615
S19,S22,258.95423730156404
S19,S23,490.1215447081102
S19,S24,268.5814455656229
S20,S21,499.76533093655894
S20,S22,346.61580669134554
S20,S23,240.51923063716282
S20,S24,401.0794897093655
S21,S22,443.0290316306249
S21,S23,301.340509474737
S21,S24,226.82718085175028
S22,S23,369.0265284790601
S22,S24,242.06454097015947
S23,S24,261.30627958259237
